Age,Attrition,BusinessTravel,DailyRate,Department,DistanceFromHome,Education,EducationField,EnvironmentSatisfaction,Gender,HourlyRate,JobInvolvement,JobLevel,JobRole,JobSatisfaction,MaritalStatus,MonthlyIncome,MonthlyRate,NumCompaniesWorked,OverTime,PercentSalaryHike,PerformanceRating,RelationshipSatisfaction,StockOptionLevel,TotalWorkingYears,TrainingTimesLastYear,WorkLifeBalance,YearsAtCompany,YearsInCurrentRole,YearsSinceLastPromotion,YearsWithCurrManager,PromotionGapRatio,RoleStagnationIndex,TrainingIntensityScore,ManagerStabilityIndicator,CareerVelocityScore,IncomeGrowthPotential,ExperienceUtilization,CareerCluster,PromotionGapRiskScore,PromotionGapRiskLevel,RetentionOpportunityIndex
35,0,Travel_Rarely,1258,Research & Development,1,4,Life Sciences,4,Female,40,4,1,Research Scientist,3,Single,2506,13301,3,No,13,3,3,0,7,0,3,2,2,2,2,0.99999950000025,0.99999950000025,0.0,0.99999950000025,0.499999750000125,835.3333333333334,0.19999999428571447,0,8,High,5.799999000000501
38,0,Travel_Rarely,433,Human Resources,1,3,Human Resources,3,Male,37,4,1,Human Resources,3,Married,2844,6004,1,No,13,3,4,1,7,2,4,7,6,5,0,0.7142856122449125,0.857142734693895,0.285714244897965,0.0,0.1428571224489825,355.5,0.18421052146814418,0,8,High,5.71428546938779
36,0,Travel_Rarely,1223,Research & Development,8,3,Technical Degree,3,Female,59,3,3,Healthcare Representative,3,Divorced,10096,8202,1,No,13,3,2,3,17,2,3,17,14,12,8,0.7058823114186875,0.8235293633218022,0.11764705190311459,0.47058820761245834,0.17647057785467188,560.8888888888889,0.4722222091049387,1,8,High,5.647058726643604
40,0,Travel_Frequently,692,Research & Development,11,3,Technical Degree,4,Female,73,3,2,Laboratory Technician,3,Married,6323,26849,1,No,11,3,1,1,10,2,4,10,9,9,4,0.8999999100000091,0.8999999100000091,0.19999998000000202,0.39999996000000404,0.19999998000000202,574.8181818181819,0.24999999375000018,1,8,High,5.5999998200000185
46,0,Travel_Rarely,430,Research & Development,1,4,Medical,4,Male,40,3,5,Research Director,4,Divorced,19627,21445,9,No,17,3,4,2,23,0,3,2,2,2,2,0.99999950000025,0.99999950000025,0.0,0.99999950000025,2.499998750000625,6542.333333333333,0.49999998913043503,1,8,High,5.5999990000005
53,0,Travel_Rarely,1376,Sales,2,2,Medical,3,Male,45,3,4,Manager,3,Divorced,14852,13938,6,No,13,3,3,1,22,3,4,17,13,15,2,0.8823528892733594,0.7647058373702448,0.17647057785467188,0.11764705190311459,0.23529410380622917,825.1111111111111,0.415094331790673,1,8,High,5.52941167474049
31,0,Travel_Frequently,798,Research & Development,7,2,Life Sciences,3,Female,48,2,3,Manufacturing Director,3,Married,8943,14034,1,No,24,4,1,1,10,2,3,10,9,8,9,0.7999999200000081,0.8999999100000091,0.19999998000000202,0.8999999100000091,0.299999970000003,813.0,0.3225806347554634,1,7,High,5.399999820000018
26,0,Travel_Frequently,1096,Research & Development,6,3,Other,3,Male,61,4,1,Laboratory Technician,4,Married,2544,7102,0,No,18,3,1,1,8,3,3,7,7,7,7,0.9999998571428775,0.9999998571428775,0.4285713673469475,0.9999998571428775,0.1428571224489825,318.0,0.30769229585798863,1,7,High,5.399999714285755
38,0,Non-Travel,1327,Sales,2,2,Life Sciences,4,Male,39,2,2,Sales Executive,4,Married,5249,19682,3,No,18,3,4,1,13,0,3,8,7,7,5,0.8749998906250137,0.8749998906250137,0.0,0.6249999218750099,0.24999996875000394,583.2222222222222,0.34210525415512494,1,8,High,5.349999781250029
26,0,Travel_Rarely,1355,Human Resources,25,1,Life Sciences,3,Female,61,3,1,Human Resources,3,Married,2942,8916,1,No,23,4,4,1,8,3,3,8,7,5,7,0.6249999218750099,0.8749998906250137,0.3749999531250059,0.8749998906250137,0.12499998437500197,326.8888888888889,0.30769229585798863,1,7,High,5.349999781250028
36,0,Travel_Rarely,1403,Research & Development,6,3,Life Sciences,4,Male,47,3,1,Laboratory Technician,4,Married,3210,20251,0,No,11,3,3,1,16,4,3,15,13,10,11,0.6666666222222252,0.8666666088888928,0.2666666488888901,0.7333332844444478,0.06666666222222252,200.625,0.44444443209876583,1,8,High,5.333333217777787
45,0,Non-Travel,1238,Research & Development,1,1,Life Sciences,3,Male,74,2,3,Healthcare Representative,3,Married,10748,3395,3,No,23,4,4,1,25,3,2,23,15,14,4,0.6086956257088858,0.6521738846880919,0.1304347769376184,0.17391303591682453,0.1304347769376184,447.8333333333333,0.5555555432098769,1,8,High,5.304347769376184
35,0,Travel_Rarely,583,Research & Development,25,4,Medical,3,Female,57,3,3,Healthcare Representative,3,Divorced,10388,6975,1,Yes,11,3,3,1,16,3,2,16,10,10,1,0.6249999609375024,0.6249999609375024,0.18749998828125072,0.06249999609375024,0.18749998828125072,611.0588235294117,0.4571428440816331,1,8,High,5.249999921875005
30,0,Travel_Rarely,288,Research & Development,2,3,Life Sciences,3,Male,99,2,2,Healthcare Representative,4,Married,4152,15830,1,No,19,3,1,3,11,3,3,11,10,10,8,0.9090908264462886,0.9090908264462886,0.2727272479338866,0.7272726611570308,0.1818181652892577,346.0,0.36666665444444485,1,7,High,5.218181652892578
30,0,Travel_Rarely,852,Research & Development,1,1,Life Sciences,4,Male,55,2,2,Laboratory Technician,4,Married,5126,15998,1,Yes,12,3,3,2,10,1,2,10,8,3,0,0.299999970000003,0.7999999200000081,0.09999999000000101,0.0,0.19999998000000202,466.0,0.33333332222222256,0,8,High,5.199999840000017
36,0,Travel_Rarely,1299,Research & Development,27,3,Medical,3,Male,94,3,2,Healthcare Representative,3,Married,5237,16577,6,No,13,3,2,2,17,3,2,7,7,7,7,0.9999998571428775,0.9999998571428775,0.4285713673469475,0.9999998571428775,0.285714244897965,654.625,0.4722222091049387,1,6,Medium,5.199999714285756
26,0,Non-Travel,786,Research & Development,7,3,Medical,4,Male,76,3,1,Laboratory Technician,4,Single,2570,11925,1,No,20,4,3,0,7,5,3,7,7,5,7,0.7142856122449125,0.9999998571428775,0.7142856122449125,0.9999998571428775,0.1428571224489825,321.25,0.26923075887574005,1,7,High,5.199999714285756
40,0,Travel_Rarely,1322,Research & Development,2,4,Life Sciences,3,Male,52,2,1,Research Scientist,3,Single,2809,2725,2,No,14,3,4,0,8,2,3,2,2,2,2,0.99999950000025,0.99999950000025,0.99999950000025,0.99999950000025,0.499999750000125,936.3333333333334,0.19999999500000012,0,6,Medium,5.1999990000005
28,0,Travel_Rarely,995,Research & Development,9,3,Medical,3,Female,77,3,1,Research Scientist,3,Divorced,2377,9834,5,No,18,3,2,1,6,2,3,2,2,2,2,0.99999950000025,0.99999950000025,0.99999950000025,0.99999950000025,0.499999750000125,792.3333333333334,0.21428570663265334,0,6,Medium,5.1999990000005
38,0,Travel_Frequently,1186,Research & Development,3,4,Other,3,Male,44,3,1,Research Scientist,3,Married,2821,2997,3,No,16,3,1,1,8,2,3,2,2,2,2,0.99999950000025,0.99999950000025,0.99999950000025,0.99999950000025,0.499999750000125,940.3333333333334,0.21052631024930765,0,6,Medium,5.1999990000005
20,0,Travel_Rarely,1141,Sales,2,3,Medical,3,Female,31,3,1,Sales Representative,3,Single,2783,13251,1,No,19,3,1,0,2,3,3,2,2,2,2,0.99999950000025,0.99999950000025,1.499999250000375,0.99999950000025,0.499999750000125,927.6666666666666,0.09999999500000024,0,6,Medium,5.1999990000005
32,0,Non-Travel,1109,Research & Development,29,4,Medical,4,Female,69,3,1,Laboratory Technician,3,Single,4025,11135,9,No,12,3,2,0,10,2,3,8,7,7,7,0.8749998906250137,0.8749998906250137,0.24999996875000394,0.8749998906250137,0.12499998437500197,447.22222222222223,0.3124999902343753,1,7,High,5.1499997812500276
32,0,Travel_Rarely,859,Research & Development,4,3,Life Sciences,3,Female,98,2,2,Manufacturing Director,3,Married,6162,19124,1,No,12,3,3,1,14,3,3,14,13,6,8,0.42857139795918586,0.9285713622449028,0.21428569897959293,0.5714285306122479,0.14285713265306196,410.8,0.4374999863281255,1,6,Medium,5.057142724489806
44,0,Travel_Rarely,1448,Sales,28,3,Medical,4,Female,53,4,4,Sales Executive,4,Married,13320,11737,3,Yes,18,3,3,1,23,2,3,12,11,11,11,0.9166665902777842,0.9166665902777842,0.16666665277777895,0.9166665902777842,0.3333333055555579,1024.6153846153845,0.5227272608471077,1,7,High,5.033333180555569
33,0,Non-Travel,722,Sales,17,3,Life Sciences,4,Male,38,3,4,Manager,3,Single,17444,20489,1,No,11,3,4,0,10,2,3,10,8,6,0,0.599999940000006,0.7999999200000081,0.19999998000000202,0.0,0.39999996000000404,1585.8181818181818,0.30303029384756686,1,7,High,4.999999840000017
43,0,Travel_Rarely,1179,Sales,2,3,Medical,4,Male,73,3,2,Sales Executive,4,Married,7847,6069,1,Yes,17,3,1,1,10,3,3,10,9,8,8,0.7999999200000081,0.8999999100000091,0.299999970000003,0.7999999200000081,0.19999998000000202,713.3636363636364,0.23255813412655504,1,7,High,4.999999820000019
45,0,Travel_Rarely,549,Research & Development,8,4,Other,4,Male,75,3,2,Research Scientist,4,Married,3697,9278,9,No,14,3,1,2,12,3,3,10,9,9,8,0.8999999100000091,0.8999999100000091,0.299999970000003,0.7999999200000081,0.19999998000000202,336.09090909090907,0.2666666607407409,1,7,High,4.999999820000019
32,0,Travel_Rarely,1018,Research & Development,3,2,Life Sciences,3,Female,39,3,3,Research Director,4,Single,11159,19373,3,No,15,3,4,0,10,6,3,7,7,7,7,0.9999998571428775,0.9999998571428775,0.857142734693895,0.9999998571428775,0.4285713673469475,1394.875,0.3124999902343753,1,6,Medium,4.999999714285756
35,0,Travel_Rarely,144,Research & Development,22,3,Life Sciences,4,Male,46,1,1,Laboratory Technician,3,Single,4230,19225,0,No,15,3,3,0,6,2,3,5,4,4,3,0.799999840000032,0.799999840000032,0.399999920000016,0.599999880000024,0.199999960000008,705.0,0.1714285665306124,0,7,High,4.999999680000064
38,0,Travel_Rarely,1380,Research & Development,9,2,Life Sciences,3,Female,75,3,1,Laboratory Technician,4,Single,2288,6319,1,No,12,3,3,0,2,3,3,2,2,2,1,0.99999950000025,0.99999950000025,1.499999250000375,0.499999750000125,0.499999750000125,762.6666666666666,0.05263157756232691,0,6,Medium,4.9999990000005
50,0,Travel_Frequently,809,Sales,12,3,Marketing,3,Female,77,3,3,Sales Executive,4,Single,9208,6645,4,No,11,3,4,0,16,3,3,2,2,2,1,0.99999950000025,0.99999950000025,1.499999250000375,0.499999750000125,1.499999250000375,3069.3333333333335,0.31999999360000014,0,6,Medium,4.9999990000005
22,0,Travel_Rarely,1256,Research & Development,19,1,Medical,3,Male,80,3,1,Research Scientist,4,Married,2323,11992,1,No,24,4,1,2,2,6,3,2,2,2,2,0.99999950000025,0.99999950000025,2.99999850000075,0.99999950000025,0.499999750000125,774.3333333333334,0.09090908677685969,0,6,Medium,4.9999990000005
36,0,Travel_Rarely,329,Research & Development,2,3,Life Sciences,4,Female,96,3,1,Research Scientist,3,Married,2543,11868,4,No,13,3,2,1,6,3,3,2,2,2,2,0.99999950000025,0.99999950000025,1.499999250000375,0.99999950000025,0.499999750000125,847.6666666666666,0.16666666203703717,0,6,Medium,4.9999990000005
30,0,Non-Travel,641,Sales,25,2,Technical Degree,4,Female,85,3,2,Sales Executive,3,Married,4736,6069,7,Yes,12,3,2,1,4,2,4,2,2,2,2,0.99999950000025,0.99999950000025,0.99999950000025,0.99999950000025,0.99999950000025,1578.6666666666667,0.13333332888888902,0,6,Medium,4.9999990000005
52,0,Travel_Rarely,1323,Research & Development,2,3,Life Sciences,3,Female,89,2,1,Laboratory Technician,4,Single,3212,3300,7,No,15,3,2,0,6,3,2,2,2,2,2,0.99999950000025,0.99999950000025,1.499999250000375,0.99999950000025,0.499999750000125,1070.6666666666667,0.11538461316568052,0,6,Medium,4.9999990000005
31,0,Travel_Rarely,192,Research & Development,2,4,Life Sciences,3,Male,32,3,1,Research Scientist,4,Divorced,2695,7747,0,Yes,18,3,2,1,3,2,1,2,2,2,2,0.99999950000025,0.99999950000025,0.99999950000025,0.99999950000025,0.499999750000125,898.3333333333334,0.09677419042663901,0,6,Medium,4.9999990000005
35,0,Travel_Frequently,200,Research & Development,18,2,Life Sciences,3,Male,60,3,3,Manufacturing Director,4,Single,9362,19944,2,No,11,3,3,0,10,2,3,2,2,2,2,0.99999950000025,0.99999950000025,0.99999950000025,0.99999950000025,1.499999250000375,3120.6666666666665,0.28571427755102063,0,6,Medium,4.9999990000005
31,0,Travel_Frequently,793,Sales,20,3,Life Sciences,3,Male,67,4,1,Sales Representative,4,Married,2791,21981,0,No,12,3,1,1,3,4,3,2,2,2,2,0.99999950000025,0.99999950000025,1.9999990000005,0.99999950000025,0.499999750000125,930.3333333333334,0.09677419042663901,0,6,Medium,4.9999990000005
41,0,Travel_Rarely,549,Research & Development,7,2,Medical,4,Female,42,3,2,Manufacturing Director,3,Single,5003,23371,6,No,14,3,2,0,8,6,3,2,2,2,1,0.99999950000025,0.99999950000025,2.99999850000075,0.499999750000125,0.99999950000025,1667.6666666666667,0.19512194646044034,0,6,Medium,4.9999990000005
21,0,Travel_Rarely,546,Research & Development,5,1,Medical,3,Male,97,3,1,Research Scientist,4,Single,3117,26009,1,No,18,3,3,0,3,2,3,2,2,2,2,0.99999950000025,0.99999950000025,0.99999950000025,0.99999950000025,0.499999750000125,1039.0,0.14285713605442207,0,6,Medium,4.9999990000005
35,0,Travel_Rarely,1490,Research & Development,11,4,Medical,4,Male,43,3,1,Laboratory Technician,3,Married,2660,20232,7,Yes,11,3,3,1,5,3,3,2,2,2,2,0.99999950000025,0.99999950000025,1.499999250000375,0.99999950000025,0.499999750000125,886.6666666666666,0.14285713877551032,0,6,Medium,4.9999990000005
23,0,Travel_Rarely,977,Research & Development,10,3,Technical Degree,4,Male,45,4,1,Research Scientist,3,Married,2073,12826,2,No,16,3,4,1,4,2,3,2,2,2,2,0.99999950000025,0.99999950000025,0.99999950000025,0.99999950000025,0.499999750000125,691.0,0.17391303591682453,0,6,Medium,4.9999990000005
48,0,Travel_Frequently,365,Research & Development,4,5,Medical,3,Male,89,2,4,Manager,4,Married,15202,5602,2,No,25,4,2,1,23,3,3,2,2,2,2,0.99999950000025,0.99999950000025,1.499999250000375,0.99999950000025,1.9999990000005,5067.333333333333,0.479166656684028,1,6,Medium,4.9999990000005
44,0,Travel_Rarely,528,Human Resources,1,3,Life Sciences,3,Female,44,3,1,Human Resources,4,Divorced,3195,4167,4,Yes,18,3,1,3,8,2,3,2,2,2,2,0.99999950000025,0.99999950000025,0.99999950000025,0.99999950000025,0.499999750000125,1065.0,0.18181817768595052,0,6,Medium,4.9999990000005
34,0,Travel_Frequently,426,Research & Development,10,4,Life Sciences,3,Male,42,4,2,Manufacturing Director,4,Divorced,4724,17000,1,No,13,3,1,1,9,3,3,9,7,7,2,0.7777776913580343,0.7777776913580343,0.33333329629630043,0.22222219753086697,0.22222219753086697,472.4,0.2647058745674743,1,7,High,4.955555382716069
26,0,Travel_Rarely,933,Sales,1,3,Life Sciences,3,Male,57,3,2,Sales Executive,3,Married,5296,20156,1,No,17,3,2,1,8,3,3,8,7,7,7,0.8749998906250137,0.8749998906250137,0.3749999531250059,0.8749998906250137,0.24999996875000394,588.4444444444445,0.30769229585798863,1,6,Medium,4.949999781250028
48,0,Travel_Rarely,492,Sales,16,4,Life Sciences,3,Female,96,3,2,Sales Executive,3,Divorced,6439,13693,8,No,14,3,3,1,18,2,3,8,7,7,7,0.8749998906250137,0.8749998906250137,0.24999996875000394,0.8749998906250137,0.24999996875000394,715.4444444444445,0.3749999921875002,1,6,Medium,4.949999781250028
45,0,Non-Travel,589,Sales,2,4,Life Sciences,3,Female,67,3,2,Sales Executive,3,Married,5154,19665,4,No,22,4,2,2,10,3,4,8,7,5,7,0.6249999218750099,0.8749998906250137,0.3749999531250059,0.8749998906250137,0.24999996875000394,572.6666666666666,0.22222221728395075,1,6,Medium,4.949999781250028
41,0,Travel_Rarely,796,Sales,4,1,Marketing,3,Female,81,3,3,Sales Executive,3,Divorced,10447,26458,0,Yes,13,3,4,1,23,3,4,22,14,13,5,0.590909064049588,0.6363636074380178,0.13636363016528952,0.2272727169421492,0.13636363016528952,454.2173913043478,0.560975596073766,1,7,High,4.872727214876036
39,0,Travel_Rarely,1329,Sales,4,4,Life Sciences,4,Female,47,2,2,Sales Executive,3,Married,5902,14590,4,No,14,3,3,1,17,1,4,15,11,5,9,0.3333333111111126,0.7333332844444478,0.06666666222222252,0.5999999600000027,0.13333332444444504,368.875,0.4358974247205789,1,7,High,4.8666665688888955
36,0,Non-Travel,301,Sales,15,4,Marketing,4,Male,88,1,2,Sales Executive,4,Divorced,5406,10436,1,No,24,4,1,1,15,4,2,15,12,11,11,0.7333332844444478,0.7999999466666703,0.2666666488888901,0.7333332844444478,0.13333332444444504,337.875,0.41666665509259293,1,7,High,4.799999893333341
34,0,Travel_Rarely,971,Sales,1,3,Technical Degree,4,Male,64,2,3,Sales Executive,3,Married,7083,12288,1,Yes,14,3,4,0,10,3,3,10,9,8,6,0.7999999200000081,0.8999999100000091,0.299999970000003,0.599999940000006,0.299999970000003,643.9090909090909,0.2941176384083048,1,6,Medium,4.799999820000019
30,0,Travel_Rarely,570,Sales,5,3,Marketing,4,Female,30,2,2,Sales Executive,3,Divorced,6118,5431,1,No,13,3,3,3,10,2,3,10,9,1,2,0.09999999000000101,0.8999999100000091,0.19999998000000202,0.19999998000000202,0.19999998000000202,556.1818181818181,0.33333332222222256,0,6,Medium,4.799999820000019
32,0,Travel_Frequently,1005,Research & Development,2,2,Life Sciences,4,Male,79,3,1,Laboratory Technician,4,Single,3068,11864,0,No,13,3,3,0,8,2,2,7,7,3,6,0.4285713673469475,0.9999998571428775,0.285714244897965,0.857142734693895,0.1428571224489825,383.5,0.24999999218750027,0,6,Medium,4.799999714285756
28,0,Travel_Frequently,193,Research & Development,2,3,Life Sciences,4,Male,52,2,1,Laboratory Technician,4,Married,3867,14222,1,Yes,12,3,2,1,2,2,3,2,2,2,2,0.99999950000025,0.99999950000025,0.99999950000025,0.99999950000025,0.499999750000125,1289.0,0.07142856887755111,0,6,Medium,4.799999000000501
35,0,Travel_Frequently,636,Research & Development,4,4,Other,4,Male,47,2,1,Laboratory Technician,4,Married,2376,26537,1,No,13,3,2,1,2,2,4,2,2,2,2,0.99999950000025,0.99999950000025,0.99999950000025,0.99999950000025,0.499999750000125,792.0,0.057142855510204135,0,6,Medium,4.799999000000501
43,0,Travel_Frequently,775,Sales,15,3,Life Sciences,4,Male,47,2,2,Sales Executive,4,Married,6804,23683,3,No,18,3,3,1,7,5,3,2,2,2,2,0.99999950000025,0.99999950000025,2.499998750000625,0.99999950000025,0.99999950000025,2268.0,0.16279069388858852,0,6,Medium,4.799999000000501
24,0,Travel_Frequently,535,Sales,24,3,Medical,4,Male,38,3,1,Sales Representative,4,Married,2400,5530,0,No,13,3,3,2,3,3,3,2,2,2,1,0.99999950000025,0.99999950000025,1.499999250000375,0.499999750000125,0.499999750000125,800.0,0.12499999479166687,0,6,Medium,4.799999000000501
25,0,Travel_Rarely,1280,Research & Development,7,1,Medical,4,Male,64,2,1,Research Scientist,4,Married,2889,26897,1,No,11,3,3,2,2,2,3,2,2,2,1,0.99999950000025,0.99999950000025,0.99999950000025,0.499999750000125,0.499999750000125,963.0,0.07999999680000013,0,6,Medium,4.799999000000501
35,0,Travel_Rarely,890,Sales,2,3,Marketing,4,Female,97,3,1,Sales Representative,4,Married,2014,9687,1,No,13,3,1,0,2,3,3,2,2,2,2,0.99999950000025,0.99999950000025,1.499999250000375,0.99999950000025,0.499999750000125,671.3333333333334,0.057142855510204135,0,6,Medium,4.799999000000501
53,0,Travel_Rarely,346,Research & Development,6,3,Life Sciences,4,Male,86,3,2,Laboratory Technician,4,Single,2450,10919,2,No,17,3,4,0,19,4,3,2,2,2,2,0.99999950000025,0.99999950000025,1.9999990000005,0.99999950000025,0.99999950000025,816.6666666666666,0.35849055927376305,0,6,Medium,4.799999000000501
34,0,Travel_Rarely,511,Sales,3,2,Life Sciences,4,Female,32,1,2,Sales Executive,4,Single,6029,25353,5,No,12,3,1,0,6,3,3,2,2,2,2,0.99999950000025,0.99999950000025,1.499999250000375,0.99999950000025,0.99999950000025,2009.6666666666667,0.17647058304498286,0,6,Medium,4.799999000000501
39,0,Travel_Rarely,835,Research & Development,19,4,Other,4,Male,41,3,2,Research Scientist,4,Divorced,3902,5141,8,No,14,3,2,3,7,2,3,2,2,2,2,0.99999950000025,0.99999950000025,0.99999950000025,0.99999950000025,0.99999950000025,1300.6666666666667,0.17948717488494426,0,6,Medium,4.799999000000501
40,0,Non-Travel,1142,Research & Development,8,2,Life Sciences,4,Male,72,3,2,Healthcare Representative,4,Divorced,4069,8841,3,Yes,18,3,3,0,8,2,3,2,2,2,2,0.99999950000025,0.99999950000025,0.99999950000025,0.99999950000025,0.99999950000025,1356.3333333333333,0.19999999500000012,0,6,Medium,4.799999000000501
22,0,Travel_Rarely,1230,Research & Development,1,2,Life Sciences,4,Male,33,2,2,Manufacturing Director,4,Married,4775,19146,6,No,22,4,1,2,4,2,1,2,2,2,2,0.99999950000025,0.99999950000025,0.99999950000025,0.99999950000025,0.99999950000025,1591.6666666666667,0.18181817355371938,0,6,Medium,4.799999000000501
40,0,Travel_Rarely,523,Research & Development,2,3,Life Sciences,3,Male,98,3,2,Research Scientist,4,Single,4661,22455,1,No,13,3,3,0,9,4,3,9,8,8,8,0.8888887901234679,0.8888887901234679,0.44444439506173394,0.8888887901234679,0.22222219753086697,466.1,0.22499999437500015,1,6,Medium,4.777777580246936
28,0,Non-Travel,1476,Research & Development,1,3,Life Sciences,3,Female,55,1,2,Laboratory Technician,4,Married,6674,16392,0,No,11,3,1,3,10,6,3,9,8,7,5,0.7777776913580343,0.8888887901234679,0.6666665925926009,0.5555554938271674,0.22222219753086697,667.4,0.35714284438775556,1,6,Medium,4.777777580246936
44,0,Travel_Rarely,921,Research & Development,2,3,Life Sciences,3,Female,96,4,3,Healthcare Representative,4,Married,7879,14810,1,Yes,19,3,2,1,9,2,3,8,7,6,7,0.7499999062500118,0.8749998906250137,0.24999996875000394,0.8749998906250137,0.3749999531250059,875.4444444444445,0.20454544989669432,1,6,Medium,4.749999781250028
33,0,Travel_Frequently,1392,Research & Development,3,4,Life Sciences,4,Female,56,3,1,Research Scientist,3,Married,2909,23159,1,Yes,11,3,3,0,8,3,3,8,7,3,0,0.3749999531250059,0.8749998906250137,0.3749999531250059,0.0,0.12499998437500197,323.22222222222223,0.2424242350780535,0,6,Medium,4.749999781250028
30,0,Travel_Rarely,501,Sales,27,5,Marketing,3,Male,99,3,2,Sales Executive,4,Divorced,5304,25275,7,No,23,4,4,1,10,2,2,8,7,7,7,0.8749998906250137,0.8749998906250137,0.24999996875000394,0.8749998906250137,0.24999996875000394,589.3333333333334,0.33333332222222256,1,6,Medium,4.749999781250028
39,0,Travel_Rarely,1462,Sales,6,3,Medical,4,Male,38,4,3,Sales Executive,3,Married,8237,4658,2,No,11,3,1,1,11,3,3,7,6,7,6,0.9999998571428775,0.857142734693895,0.4285713673469475,0.857142734693895,0.4285713673469475,1029.625,0.2820512748191981,1,6,Medium,4.714285469387791
47,0,Travel_Rarely,249,Sales,2,2,Marketing,3,Female,35,3,2,Sales Executive,4,Married,4537,17783,0,Yes,22,4,1,1,8,2,3,7,6,7,7,0.9999998571428775,0.857142734693895,0.285714244897965,0.9999998571428775,0.285714244897965,567.125,0.1702127623358987,1,6,Medium,4.714285469387791
44,0,Travel_Rarely,200,Research & Development,29,4,Other,4,Male,32,3,2,Research Scientist,4,Single,4541,7744,1,No,25,4,2,0,20,3,3,20,11,13,17,0.6499999675000016,0.5499999725000013,0.14999999250000037,0.8499999575000021,0.09999999500000024,216.23809523809524,0.4545454442148763,1,8,High,4.699999945000004
33,0,Travel_Frequently,1296,Research & Development,6,3,Life Sciences,3,Male,30,3,2,Healthcare Representative,4,Divorced,7725,5335,3,No,23,4,3,1,15,2,1,13,11,4,7,0.3076922840236705,0.8461537810650938,0.15384614201183525,0.5384614970414233,0.15384614201183525,551.7857142857143,0.45454544077135034,1,6,Medium,4.692307562130188
30,0,Non-Travel,1116,Research & Development,2,3,Medical,3,Female,49,3,1,Laboratory Technician,4,Single,2564,7181,0,No,14,3,3,0,12,2,2,11,7,6,7,0.5454544958677732,0.636363578512402,0.1818181652892577,0.636363578512402,0.09090908264462885,213.66666666666666,0.3999999866666671,1,7,High,4.672727157024804
48,0,Travel_Rarely,1355,Research & Development,4,4,Life Sciences,3,Male,78,2,3,Healthcare Representative,3,Single,10999,22245,7,No,14,3,2,0,27,3,3,15,11,4,8,0.2666666488888901,0.7333332844444478,0.19999998666666757,0.5333332977777802,0.19999998666666757,687.4375,0.5624999882812503,1,6,Medium,4.666666568888896
30,0,Non-Travel,829,Research & Development,1,1,Life Sciences,3,Male,88,2,3,Manufacturing Director,3,Single,8474,20925,1,No,22,4,3,0,12,2,3,11,8,5,8,0.4545454132231443,0.7272726611570308,0.1818181652892577,0.7272726611570308,0.2727272479338866,706.1666666666666,0.3999999866666671,1,6,Medium,4.654545322314062
36,0,Travel_Rarely,938,Research & Development,2,4,Medical,3,Male,79,3,1,Laboratory Technician,3,Single,2519,12287,4,No,21,4,3,0,16,6,3,11,8,3,9,0.2727272479338866,0.7272726611570308,0.5454544958677732,0.8181817438016598,0.09090908264462885,209.91666666666666,0.44444443209876583,1,6,Medium,4.654545322314062
35,0,Travel_Rarely,607,Research & Development,9,3,Life Sciences,4,Female,66,2,3,Manufacturing Director,3,Married,10685,23457,1,Yes,20,4,2,1,17,2,3,17,14,5,15,0.2941176297577865,0.8235293633218022,0.11764705190311459,0.8823528892733594,0.17647057785467188,593.6111111111111,0.4857142718367351,1,6,Medium,4.647058726643605
56,0,Non-Travel,667,Research & Development,1,4,Life Sciences,3,Male,57,3,2,Healthcare Representative,3,Divorced,6306,26236,1,No,21,4,1,1,13,2,2,13,12,1,9,0.07692307100591762,0.9230768520710114,0.15384614201183525,0.6923076390532585,0.15384614201183525,450.42857142857144,0.23214285299744905,1,5,Medium,4.646153704142023
30,0,Travel_Rarely,1240,Human Resources,9,3,Human Resources,3,Male,48,3,2,Human Resources,4,Married,6347,13982,0,Yes,19,3,4,0,12,2,1,11,9,4,7,0.3636363305785154,0.8181817438016598,0.1818181652892577,0.636363578512402,0.1818181652892577,528.9166666666666,0.3999999866666671,1,6,Medium,4.636363487603321
37,0,Travel_Rarely,1372,Research & Development,1,3,Life Sciences,4,Female,42,3,1,Research Scientist,4,Single,2115,15881,1,No,12,3,2,0,17,3,3,17,12,5,7,0.2941176297577865,0.7058823114186875,0.17647057785467188,0.4117646816609011,0.05882352595155729,117.5,0.4594594470416366,1,7,High,4.611764622837375
30,0,Travel_Rarely,853,Research & Development,7,4,Life Sciences,3,Male,49,3,2,Laboratory Technician,3,Divorced,3491,11309,1,No,13,3,1,3,10,4,2,10,7,8,9,0.7999999200000081,0.699999930000007,0.39999996000000404,0.8999999100000091,0.19999998000000202,317.3636363636364,0.33333332222222256,1,6,Medium,4.599999860000015
37,0,Travel_Rarely,482,Research & Development,3,3,Other,3,Male,36,3,3,Manufacturing Director,3,Married,9434,9606,1,No,15,3,3,1,10,2,3,10,7,7,8,0.699999930000007,0.699999930000007,0.19999998000000202,0.7999999200000081,0.299999970000003,857.6363636363636,0.2702702629656686,1,6,Medium,4.599999860000015
41,0,Travel_Rarely,918,Sales,6,3,Marketing,4,Male,35,3,3,Sales Executive,3,Single,9241,15869,1,No,12,3,2,0,10,3,3,10,8,8,7,0.7999999200000081,0.7999999200000081,0.299999970000003,0.699999930000007,0.299999970000003,840.0909090909091,0.24390243307555043,1,6,Medium,4.599999840000017
31,0,Non-Travel,587,Sales,2,4,Life Sciences,4,Female,57,3,3,Sales Executive,3,Divorced,9852,8935,1,Yes,19,3,1,1,10,5,2,10,8,9,6,0.8999999100000091,0.7999999200000081,0.499999950000005,0.599999940000006,0.299999970000003,895.6363636363636,0.3225806347554634,1,6,Medium,4.599999840000017
36,0,Travel_Rarely,325,Research & Development,10,4,Technical Degree,4,Female,63,3,3,Healthcare Representative,3,Married,7094,5747,3,No,12,3,1,0,10,0,3,7,7,1,7,0.1428571224489825,0.9999998571428775,0.0,0.9999998571428775,0.4285713673469475,886.75,0.2777777700617286,1,5,Medium,4.599999714285755
53,0,Travel_Rarely,1223,Research & Development,7,2,Medical,4,Female,50,3,5,Manager,3,Divorced,18606,18640,3,No,18,3,2,1,26,6,3,7,7,4,7,0.57142848979593,0.9999998571428775,0.857142734693895,0.9999998571428775,0.7142856122449125,2325.75,0.4905660284798863,1,5,Medium,4.599999714285755
52,0,Travel_Rarely,1053,Research & Development,1,2,Life Sciences,4,Male,70,3,4,Manager,4,Married,17099,13829,2,No,15,3,2,1,26,2,2,9,8,7,8,0.7777776913580343,0.8888887901234679,0.22222219753086697,0.8888887901234679,0.44444439506173394,1709.9,0.49999999038461557,1,6,Medium,4.577777580246936
34,0,Travel_Rarely,404,Research & Development,2,4,Technical Degree,3,Female,98,3,2,Healthcare Representative,4,Single,6687,6163,1,No,11,3,4,0,14,2,4,14,11,4,11,0.2857142653061239,0.7857142295918408,0.14285713265306196,0.7857142295918408,0.14285713265306196,445.8,0.41176469377162667,1,6,Medium,4.571428459183682
42,0,Travel_Rarely,532,Research & Development,4,2,Technical Degree,3,Male,58,3,5,Manager,4,Married,19232,4933,1,No,11,3,4,0,22,3,3,22,17,11,15,0.49999997727272827,0.7727272376033073,0.13636363016528952,0.6818181508264477,0.2272727169421492,836.1739130434783,0.5238095113378688,1,6,Medium,4.545454475206615
34,0,Non-Travel,1375,Sales,10,3,Life Sciences,4,Male,87,3,2,Sales Executive,3,Divorced,4001,12313,1,Yes,14,3,3,1,15,3,3,15,14,0,7,0.0,0.9333332711111153,0.19999998666666757,0.46666663555555765,0.13333332444444504,250.0625,0.44117645761245716,1,5,Medium,4.466666542222231
34,0,Travel_Frequently,1069,Research & Development,2,1,Life Sciences,4,Male,45,2,2,Manufacturing Director,3,Married,9547,14074,1,No,17,3,3,0,10,2,2,10,9,1,9,0.09999999000000101,0.8999999100000091,0.19999998000000202,0.8999999100000091,0.19999998000000202,867.9090909090909,0.2941176384083048,1,5,Medium,4.399999820000018
49,0,Non-Travel,1002,Research & Development,18,4,Life Sciences,4,Male,92,3,2,Manufacturing Director,4,Divorced,6804,23793,1,Yes,15,3,1,2,7,0,3,7,7,1,7,0.1428571224489825,0.9999998571428775,0.0,0.9999998571428775,0.285714244897965,850.5,0.14285713994169102,0,5,Medium,4.399999714285755
36,0,Travel_Rarely,917,Research & Development,6,4,Life Sciences,3,Male,60,1,1,Laboratory Technician,3,Divorced,2741,6865,1,No,14,3,3,1,7,4,3,7,7,1,7,0.1428571224489825,0.9999998571428775,0.57142848979593,0.9999998571428775,0.1428571224489825,342.625,0.19444443904321004,0,4,Medium,4.399999714285755
38,0,Travel_Rarely,688,Research & Development,23,4,Life Sciences,4,Male,82,3,2,Healthcare Representative,4,Divorced,5745,18899,9,No,14,3,2,1,10,2,3,2,2,1,2,0.499999750000125,0.99999950000025,0.99999950000025,0.99999950000025,0.99999950000025,1915.0,0.26315788781163457,0,5,Medium,4.3999990000005
34,0,Travel_Rarely,1333,Sales,10,4,Life Sciences,3,Female,87,3,1,Sales Representative,3,Married,2220,18410,1,Yes,19,3,4,1,1,2,3,1,1,0,0,0.0,0.9999990000010001,1.9999980000020001,0.0,0.9999990000010001,1110.0,0.02941176384083048,0,4,Medium,4.399998000002
27,0,Travel_Frequently,994,Sales,8,3,Life Sciences,4,Male,37,3,3,Sales Executive,3,Single,8726,2975,1,No,15,3,4,0,9,0,3,9,8,1,7,0.11111109876543349,0.8888887901234679,0.0,0.7777776913580343,0.33333329629630043,872.6,0.3333333209876548,1,5,Medium,4.377777580246936
31,0,Travel_Rarely,616,Research & Development,12,3,Medical,4,Female,41,3,2,Healthcare Representative,4,Married,5855,17369,0,Yes,11,3,3,2,10,2,1,9,7,8,5,0.8888887901234679,0.7777776913580343,0.22222219753086697,0.5555554938271674,0.22222219753086697,585.5,0.3225806347554634,1,6,Medium,4.355555382716069
35,0,Travel_Rarely,817,Research & Development,1,3,Medical,4,Female,60,2,2,Laboratory Technician,4,Married,5363,10846,0,No,12,3,2,1,10,0,3,9,7,0,0,0.0,0.7777776913580343,0.0,0.0,0.22222219753086697,536.3,0.28571427755102063,0,6,Medium,4.355555382716069
43,0,Travel_Frequently,1001,Research & Development,9,5,Medical,4,Male,72,3,2,Laboratory Technician,3,Divorced,5679,19627,3,Yes,13,3,2,1,10,3,3,8,7,4,7,0.4999999375000079,0.8749998906250137,0.3749999531250059,0.8749998906250137,0.24999996875000394,631.0,0.23255813412655504,1,5,Medium,4.349999781250028
40,0,Travel_Rarely,1398,Sales,2,4,Life Sciences,3,Female,79,3,5,Manager,3,Married,18041,13022,0,No,14,3,4,0,21,2,3,20,15,1,12,0.04999999750000012,0.7499999625000018,0.09999999500000024,0.5999999700000015,0.2499999875000006,859.0952380952381,0.5249999868750004,1,5,Medium,4.299999925000003
53,0,Travel_Rarely,102,Research & Development,23,4,Life Sciences,4,Female,72,3,4,Research Director,4,Single,14275,20206,6,No,18,3,3,0,33,0,3,12,9,3,8,0.2499999791666684,0.7499999375000053,0.0,0.6666666111111158,0.3333333055555579,1098.076923076923,0.6226414976860095,1,6,Medium,4.299999875000012
39,0,Travel_Rarely,1253,Research & Development,10,1,Medical,3,Male,65,3,3,Research Director,3,Single,13464,7914,7,No,21,4,3,0,9,3,3,4,3,2,2,0.49999987500003124,0.7499998125000469,0.7499998125000469,0.49999987500003124,0.7499998125000469,2692.8,0.2307692248520712,0,5,Medium,4.299999625000094
52,0,Travel_Rarely,699,Research & Development,1,4,Life Sciences,3,Male,65,2,5,Manager,3,Married,19999,5678,0,No,14,3,1,1,34,5,3,33,18,11,9,0.33333332323232356,0.5454545289256204,0.15151514692378343,0.2727272644628102,0.15151514692378343,588.2058823529412,0.6538461412721897,1,6,Medium,4.290909057851241
29,0,Travel_Rarely,665,Research & Development,15,3,Life Sciences,3,Male,60,3,1,Research Scientist,4,Single,2340,22673,1,No,19,3,1,0,6,1,3,6,5,1,5,0.16666663888889352,0.8333331944444675,0.16666663888889352,0.8333331944444675,0.16666663888889352,334.2857142857143,0.20689654458977433,0,5,Medium,4.266666388888935
39,0,Travel_Frequently,672,Research & Development,7,2,Medical,3,Male,54,2,5,Manager,4,Married,19272,21141,1,No,15,3,1,1,21,2,3,21,9,13,3,0.6190475895691624,0.4285714081632663,0.09523809070294806,0.14285713605442207,0.23809522675737013,876.0,0.5384615246548328,1,7,High,4.2571428163265335
53,0,Travel_Rarely,1282,Research & Development,5,3,Other,3,Female,58,3,5,Manager,3,Divorced,19094,10735,4,No,11,3,4,1,26,3,2,14,13,4,8,0.2857142653061239,0.9285713622449028,0.21428569897959293,0.5714285306122479,0.3571428316326549,1272.9333333333334,0.4905660284798863,1,4,Medium,4.257142724489805
29,0,Travel_Frequently,574,Research & Development,20,1,Medical,4,Male,40,3,1,Laboratory Technician,4,Married,3812,7003,1,No,13,3,2,0,11,3,4,11,8,3,10,0.2727272479338866,0.7272726611570308,0.2727272479338866,0.9090908264462886,0.09090908264462885,317.6666666666667,0.37931033174791956,1,6,Medium,4.254545322314062
31,0,Travel_Rarely,1232,Research & Development,7,4,Medical,3,Female,39,3,3,Manufacturing Director,4,Single,7143,25713,1,Yes,14,3,3,0,11,2,2,11,9,4,10,0.3636363305785154,0.8181817438016598,0.1818181652892577,0.9090908264462886,0.2727272479338866,595.25,0.3548386982310097,1,5,Medium,4.23636348760332
43,0,Travel_Rarely,1291,Research & Development,15,2,Life Sciences,3,Male,65,2,4,Research Director,3,Married,17603,3525,1,No,24,4,1,1,14,3,3,14,10,6,11,0.42857139795918586,0.7142856632653098,0.21428569897959293,0.7857142295918408,0.2857142653061239,1173.5333333333333,0.32558138777717704,1,5,Medium,4.22857132653062
35,0,Travel_Rarely,1224,Sales,7,4,Life Sciences,3,Female,55,3,2,Sales Executive,4,Married,5204,13586,1,Yes,11,3,4,0,10,2,3,10,8,0,9,0.0,0.7999999200000081,0.19999998000000202,0.8999999100000091,0.19999998000000202,473.09090909090907,0.28571427755102063,1,5,Medium,4.199999840000016
40,0,Travel_Rarely,1171,Research & Development,10,4,Life Sciences,4,Female,46,4,1,Laboratory Technician,3,Married,2213,22495,3,Yes,13,3,3,1,10,3,3,7,7,1,7,0.1428571224489825,0.9999998571428775,0.4285713673469475,0.9999998571428775,0.1428571224489825,276.625,0.24999999375000018,0,4,Medium,4.199999714285756
37,0,Travel_Frequently,1231,Sales,21,2,Medical,3,Female,54,3,1,Sales Representative,4,Married,2973,21222,5,No,15,3,2,1,10,3,3,5,4,0,0,0.0,0.799999840000032,0.599999880000024,0.0,0.199999960000008,495.5,0.2702702629656686,0,5,Medium,4.199999680000064
26,0,Travel_Rarely,1443,Sales,23,3,Marketing,3,Female,47,2,2,Sales Executive,4,Married,4157,21436,7,Yes,19,3,3,1,5,2,2,2,2,0,0,0.0,0.99999950000025,0.99999950000025,0.0,0.99999950000025,1385.6666666666667,0.1923076849112429,0,4,Medium,4.1999990000005
33,0,Travel_Rarely,924,Research & Development,2,3,Medical,3,Male,78,3,1,Laboratory Technician,4,Single,2496,6670,4,No,11,3,4,0,7,3,3,1,1,0,0,0.0,0.9999990000010001,2.9999970000030003,0.0,0.9999990000010001,1248.0,0.21212120569329682,0,4,Medium,4.199998000002001
40,0,Travel_Frequently,902,Research & Development,26,2,Medical,3,Female,92,2,2,Research Scientist,4,Married,4422,21203,3,Yes,13,3,4,1,16,3,1,1,1,0,0,0.0,0.9999990000010001,2.9999970000030003,0.0,1.9999980000020001,2211.0,0.39999999000000025,0,4,Medium,4.199998000002001
39,0,Non-Travel,792,Research & Development,1,3,Life Sciences,4,Male,77,3,2,Laboratory Technician,4,Married,6472,8989,1,Yes,15,3,4,1,9,2,3,9,8,5,8,0.5555554938271674,0.8888887901234679,0.22222219753086697,0.8888887901234679,0.22222219753086697,647.2,0.2307692248520712,1,5,Medium,4.177777580246936
46,0,Travel_Rarely,706,Research & Development,2,2,Life Sciences,4,Male,82,3,3,Manufacturing Director,4,Divorced,8578,19989,3,No,14,3,3,1,12,4,2,9,8,4,7,0.44444439506173394,0.8888887901234679,0.44444439506173394,0.7777776913580343,0.33333329629630043,857.8,0.2608695595463139,1,5,Medium,4.177777580246936
49,0,Travel_Rarely,809,Research & Development,1,3,Life Sciences,3,Male,36,3,4,Manager,3,Single,15379,22384,4,No,14,3,1,0,23,2,3,8,7,0,0,0.0,0.8749998906250137,0.24999996875000394,0.0,0.4999999375000079,1708.7777777777778,0.4693877455226991,1,4,Medium,4.1499997812500276
38,0,Travel_Rarely,770,Sales,10,4,Marketing,3,Male,73,2,3,Sales Executive,3,Divorced,8740,5569,0,Yes,14,3,2,2,9,2,3,8,7,2,7,0.24999996875000394,0.8749998906250137,0.24999996875000394,0.8749998906250137,0.3749999531250059,971.1111111111111,0.2368420990304711,1,4,Medium,4.1499997812500276
35,0,Travel_Rarely,735,Research & Development,6,1,Life Sciences,3,Male,66,3,1,Research Scientist,3,Married,3506,6020,0,Yes,14,3,4,0,4,3,3,3,2,2,2,0.6666664444445185,0.6666664444445185,0.9999996666667778,0.6666664444445185,0.33333322222225925,876.5,0.11428571102040827,0,5,Medium,4.133332888889037
25,0,Travel_Rarely,1356,Sales,10,4,Life Sciences,3,Male,57,3,2,Sales Executive,4,Single,4950,20623,0,No,14,3,2,0,5,4,3,4,3,1,1,0.24999993750001562,0.7499998125000469,0.9999997500000625,0.24999993750001562,0.49999987500003124,990.0,0.19999999200000032,0,5,Medium,4.099999625000094
35,0,Travel_Rarely,287,Research & Development,1,4,Life Sciences,3,Female,62,1,1,Research Scientist,4,Married,2977,8952,1,No,12,3,4,1,4,5,3,4,3,1,1,0.24999993750001562,0.7499998125000469,1.249999687500078,0.24999993750001562,0.24999993750001562,595.4,0.11428571102040827,0,5,Medium,4.099999625000094
36,0,Travel_Rarely,530,Sales,2,4,Life Sciences,3,Female,51,3,2,Sales Representative,4,Single,4502,7439,3,No,15,3,3,0,17,2,2,13,7,6,7,0.4615384260355057,0.5384614970414233,0.15384614201183525,0.5384614970414233,0.15384614201183525,321.57142857142856,0.4722222091049387,1,6,Medium,4.076922994082847
37,0,Non-Travel,1413,Research & Development,5,2,Technical Degree,3,Male,84,4,1,Laboratory Technician,3,Single,3500,25470,0,No,14,3,1,0,7,2,1,6,5,1,3,0.16666663888889352,0.8333331944444675,0.33333327777778704,0.49999991666668053,0.16666663888889352,500.0,0.18918918407596802,0,4,Medium,4.066666388888935
40,0,Travel_Rarely,630,Sales,4,4,Marketing,3,Male,67,2,3,Sales Executive,4,Married,10855,8552,7,No,11,3,1,1,15,2,2,12,11,2,11,0.16666665277777895,0.9166665902777842,0.16666665277777895,0.9166665902777842,0.2499999791666684,835.0,0.3749999906250003,1,4,Medium,4.0333331805555686
50,0,Travel_Rarely,939,Research & Development,24,3,Life Sciences,4,Male,95,3,4,Manufacturing Director,3,Married,13973,4161,3,Yes,18,3,4,1,22,2,3,12,11,1,5,0.08333332638888948,0.9166665902777842,0.16666665277777895,0.41666663194444736,0.3333333055555579,1074.8461538461538,0.4399999912000002,1,4,Medium,4.0333331805555686
29,0,Travel_Rarely,1107,Research & Development,28,4,Life Sciences,3,Female,93,3,1,Research Scientist,4,Divorced,2514,26968,4,No,22,4,1,1,11,1,3,7,5,1,7,0.1428571224489825,0.7142856122449125,0.1428571224489825,0.9999998571428775,0.1428571224489825,314.25,0.37931033174791956,0,5,Medium,4.028571224489825
29,0,Non-Travel,1496,Research & Development,1,1,Technical Degree,4,Male,41,3,2,Manufacturing Director,3,Married,4319,26283,1,No,13,3,1,1,10,1,3,10,7,0,9,0.0,0.699999930000007,0.09999999000000101,0.8999999100000091,0.19999998000000202,392.6363636363636,0.3448275743162905,1,5,Medium,3.999999860000014
56,0,Travel_Rarely,832,Research & Development,9,3,Medical,3,Male,81,3,4,Healthcare Representative,4,Married,11103,20420,7,No,11,3,3,0,30,1,2,10,7,1,1,0.09999999000000101,0.699999930000007,0.09999999000000101,0.09999999000000101,0.39999996000000404,1009.3636363636364,0.5357142761479594,1,5,Medium,3.999999860000014
51,0,Travel_Rarely,632,Sales,21,4,Marketing,3,Male,71,3,2,Sales Executive,4,Single,5441,8423,0,Yes,22,4,4,0,11,2,1,10,7,1,0,0.09999999000000101,0.699999930000007,0.19999998000000202,0.0,0.19999998000000202,494.6363636363636,0.21568627028066137,0,5,Medium,3.999999860000014
30,0,Travel_Rarely,1275,Research & Development,28,2,Medical,4,Female,64,3,2,Research Scientist,4,Married,5775,11934,1,No,13,3,4,2,11,2,3,10,8,1,9,0.09999999000000101,0.7999999200000081,0.19999998000000202,0.8999999100000091,0.19999998000000202,525.0,0.36666665444444485,1,5,Medium,3.999999840000017
39,0,Travel_Rarely,170,Research & Development,3,2,Medical,3,Male,76,2,2,Laboratory Technician,3,Divorced,3069,10302,0,No,15,3,4,1,11,3,3,10,8,0,7,0.0,0.7999999200000081,0.299999970000003,0.699999930000007,0.19999998000000202,279.0,0.2820512748191981,1,4,Medium,3.999999840000016
43,0,Non-Travel,1344,Research & Development,7,3,Medical,4,Male,37,4,1,Research Scientist,4,Divorced,2089,5228,4,No,14,3,4,3,7,3,4,5,4,2,2,0.399999920000016,0.799999840000032,0.599999880000024,0.399999920000016,0.199999960000008,348.1666666666667,0.16279069388858852,0,5,Medium,3.999999680000064
32,0,Travel_Rarely,120,Research & Development,6,5,Life Sciences,3,Male,43,3,1,Research Scientist,3,Single,3038,12430,3,No,20,4,1,0,8,2,3,5,4,1,4,0.199999960000008,0.799999840000032,0.399999920000016,0.799999840000032,0.199999960000008,506.3333333333333,0.24999999218750027,0,4,Medium,3.999999680000064
35,0,Travel_Rarely,528,Human Resources,8,4,Technical Degree,3,Male,100,3,1,Human Resources,3,Single,4323,7108,1,No,17,3,2,0,6,2,1,5,4,1,4,0.199999960000008,0.799999840000032,0.399999920000016,0.799999840000032,0.199999960000008,720.5,0.1714285665306124,0,4,Medium,3.999999680000064
31,0,Non-Travel,1188,Sales,20,2,Marketing,4,Female,45,3,2,Sales Executive,3,Married,6932,24406,1,No,13,3,4,1,9,2,2,9,8,0,0,0.0,0.8888887901234679,0.22222219753086697,0.0,0.22222219753086697,693.2,0.29032257127991706,0,4,Medium,3.977777580246936
52,0,Travel_Frequently,890,Research & Development,25,4,Medical,3,Female,81,2,4,Manufacturing Director,4,Married,13826,19028,3,No,22,4,3,0,31,3,3,9,8,0,0,0.0,0.8888887901234679,0.33333329629630043,0.0,0.44444439506173394,1382.6,0.5961538346893493,1,4,Medium,3.977777580246936
37,0,Travel_Rarely,161,Research & Development,10,3,Life Sciences,3,Female,42,4,3,Research Director,4,Married,13744,15471,1,Yes,25,4,1,1,16,2,3,16,11,6,8,0.37499997656250145,0.6874999570312527,0.12499999218750048,0.4999999687500019,0.18749998828125072,808.4705882352941,0.4324324207450697,1,5,Medium,3.9749999140625056
35,0,Non-Travel,208,Research & Development,8,4,Life Sciences,3,Female,52,3,2,Healthcare Representative,3,Married,4148,12250,1,No,12,3,4,1,15,5,3,14,11,2,9,0.14285713265306196,0.7857142295918408,0.3571428316326549,0.6428570969387788,0.14285713265306196,276.53333333333336,0.428571416326531,1,4,Medium,3.9714284591836817
59,0,Travel_Rarely,1429,Research & Development,18,4,Medical,4,Male,67,3,3,Manufacturing Director,4,Single,10512,20002,6,No,12,3,4,0,25,6,2,9,7,5,4,0.5555554938271674,0.7777776913580343,0.6666665925926009,0.44444439506173394,0.33333329629630043,1051.2,0.4237288063774779,1,5,Medium,3.955555382716069
34,0,Travel_Rarely,943,Research & Development,9,3,Life Sciences,4,Male,86,3,3,Healthcare Representative,4,Divorced,8500,5494,0,No,11,3,4,1,10,0,2,9,7,1,6,0.11111109876543349,0.7777776913580343,0.0,0.6666665925926009,0.33333329629630043,850.0,0.2941176384083048,1,5,Medium,3.955555382716069
43,0,Travel_Frequently,559,Research & Development,10,4,Life Sciences,3,Female,82,2,2,Laboratory Technician,3,Divorced,5257,6227,1,No,11,3,2,1,9,3,4,9,7,0,0,0.0,0.7777776913580343,0.33333329629630043,0.0,0.22222219753086697,525.7,0.20930232071389954,0,4,Medium,3.9555553827160685
43,0,Travel_Frequently,185,Research & Development,10,4,Life Sciences,3,Female,33,3,1,Laboratory Technician,4,Single,2455,10675,0,No,19,3,1,0,9,5,3,8,7,1,7,0.12499998437500197,0.8749998906250137,0.6249999218750099,0.8749998906250137,0.12499998437500197,272.77777777777777,0.20930232071389954,0,4,Medium,3.949999781250028
35,0,Travel_Rarely,1276,Research & Development,16,3,Life Sciences,4,Male,72,3,3,Healthcare Representative,3,Married,7632,14295,4,Yes,12,3,3,0,10,2,3,8,7,0,0,0.0,0.8749998906250137,0.24999996875000394,0.0,0.3749999531250059,848.0,0.28571427755102063,0,4,Medium,3.949999781250028
34,0,Travel_Rarely,1239,Sales,13,4,Medical,4,Male,39,3,3,Sales Executive,3,Divorced,8628,22914,1,No,18,3,3,1,9,2,2,8,7,1,1,0.12499998437500197,0.8749998906250137,0.24999996875000394,0.12499998437500197,0.3749999531250059,958.6666666666666,0.2647058745674743,0,4,Medium,3.949999781250028
48,0,Travel_Frequently,117,Research & Development,22,3,Medical,4,Female,58,3,4,Manager,4,Divorced,17174,2437,3,No,11,3,2,1,24,3,3,22,17,4,7,0.18181817355371938,0.7727272376033073,0.13636363016528952,0.3181818037190089,0.18181817355371938,746.695652173913,0.4999999895833336,1,5,Medium,3.945454475206615
34,0,Travel_Frequently,735,Research & Development,22,4,Other,3,Male,86,2,2,Research Scientist,4,Married,5747,26496,1,Yes,15,3,2,0,16,3,3,15,10,6,11,0.39999997333333515,0.6666666222222252,0.19999998666666757,0.7333332844444478,0.13333332444444504,359.1875,0.47058822145328766,1,5,Medium,3.9333332444444506
30,0,Travel_Frequently,721,Research & Development,1,2,Medical,3,Female,58,3,2,Laboratory Technician,4,Single,4011,10781,1,No,23,4,4,0,12,2,3,12,8,3,7,0.2499999791666684,0.6666666111111158,0.16666665277777895,0.5833332847222263,0.16666665277777895,308.53846153846155,0.3999999866666671,1,5,Medium,3.933333222222232
59,0,Non-Travel,1420,Human Resources,2,4,Human Resources,3,Female,32,2,5,Manager,4,Married,18844,21922,9,No,21,4,4,1,30,3,3,3,2,2,2,0.6666664444445185,0.6666664444445185,0.9999996666667778,0.6666664444445185,1.6666661111112961,4711.0,0.5084745676529735,1,5,Medium,3.933332888889037
28,0,Non-Travel,280,Human Resources,1,2,Life Sciences,3,Male,43,3,1,Human Resources,4,Divorced,2706,10494,1,No,15,3,2,1,3,2,3,3,2,2,2,0.6666664444445185,0.6666664444445185,0.6666664444445185,0.6666664444445185,0.33333322222225925,676.5,0.10714285331632667,0,5,Medium,3.933332888889037
38,0,Travel_Rarely,364,Research & Development,3,5,Technical Degree,4,Female,32,3,2,Research Scientist,3,Single,4317,2302,3,Yes,20,4,2,0,19,2,3,3,2,2,2,0.6666664444445185,0.6666664444445185,0.6666664444445185,0.6666664444445185,0.6666664444445185,1079.25,0.49999998684210567,0,5,Medium,3.933332888889037
32,0,Non-Travel,976,Sales,26,4,Marketing,3,Male,100,3,2,Sales Executive,4,Married,4465,12069,0,No,18,3,1,0,4,2,3,3,2,2,2,0.6666664444445185,0.6666664444445185,0.6666664444445185,0.6666664444445185,0.6666664444445185,1116.25,0.12499999609375013,0,5,Medium,3.933332888889037
34,0,Travel_Frequently,303,Sales,2,4,Marketing,3,Female,75,3,1,Sales Representative,3,Married,2231,11314,6,No,18,3,4,1,6,3,3,4,3,1,2,0.24999993750001562,0.7499998125000469,0.7499998125000469,0.49999987500003124,0.24999993750001562,446.2,0.17647058304498286,0,4,Medium,3.8999996250000937
49,0,Travel_Rarely,465,Research & Development,6,1,Life Sciences,3,Female,41,2,4,Healthcare Representative,3,Married,13966,11652,2,Yes,19,3,2,1,30,3,3,15,11,2,12,0.13333332444444504,0.7333332844444478,0.19999998666666757,0.7999999466666703,0.2666666488888901,872.875,0.6122448854643902,1,4,Medium,3.8666665688888955
45,0,Travel_Rarely,1316,Research & Development,29,3,Medical,3,Male,83,3,1,Research Scientist,4,Single,3452,9752,5,No,13,3,2,0,9,2,2,6,5,0,3,0.0,0.8333331944444675,0.33333327777778704,0.49999991666668053,0.16666663888889352,493.14285714285717,0.19999999555555567,0,4,Medium,3.866666388888935
26,0,Travel_Rarely,583,Research & Development,4,2,Life Sciences,3,Male,53,3,1,Research Scientist,4,Single,2875,9973,1,Yes,20,4,2,0,8,2,2,8,5,2,2,0.24999996875000394,0.6249999218750099,0.24999996875000394,0.24999996875000394,0.12499998437500197,319.44444444444446,0.30769229585798863,0,5,Medium,3.84999984375002
39,0,Travel_Frequently,505,Research & Development,2,4,Technical Degree,3,Female,64,3,3,Healthcare Representative,3,Single,10938,6420,0,No,25,4,4,0,20,1,3,19,6,11,8,0.5789473379501401,0.31578945706371275,0.05263157617728546,0.4210526094182837,0.15789472853185638,546.9,0.5128204996712693,1,6,Medium,3.8315789141274257
34,0,Travel_Rarely,258,Sales,21,4,Life Sciences,4,Male,74,4,2,Sales Executive,4,Single,5337,19921,1,No,12,3,4,0,10,3,3,10,7,5,7,0.499999950000005,0.699999930000007,0.299999970000003,0.699999930000007,0.19999998000000202,485.1818181818182,0.2941176384083048,1,5,Medium,3.7999998600000144
29,0,Travel_Rarely,1252,Research & Development,23,2,Life Sciences,3,Male,81,4,1,Research Scientist,3,Married,2700,23779,1,No,24,4,3,1,10,3,3,10,7,0,7,0.0,0.699999930000007,0.299999970000003,0.699999930000007,0.09999999000000101,245.45454545454547,0.3448275743162905,0,4,Medium,3.799999860000014
42,0,Non-Travel,355,Research & Development,10,4,Technical Degree,3,Male,38,3,1,Research Scientist,3,Married,2936,6161,3,No,22,4,2,2,10,1,2,6,3,3,3,0.49999991666668053,0.49999991666668053,0.16666663888889352,0.49999991666668053,0.16666663888889352,419.42857142857144,0.238095232426304,0,5,Medium,3.799999833333361
54,0,Travel_Rarely,685,Research & Development,3,3,Life Sciences,4,Male,85,3,4,Research Director,4,Married,17779,23474,3,No,14,3,1,0,36,2,3,10,9,0,9,0.0,0.8999999100000091,0.19999998000000202,0.8999999100000091,0.39999996000000404,1616.2727272727273,0.6666666543209879,1,4,Medium,3.7999998200000182
35,0,Travel_Rarely,882,Sales,3,4,Life Sciences,4,Male,92,3,3,Sales Executive,4,Divorced,7823,6812,6,No,13,3,2,1,12,2,3,10,9,0,8,0.0,0.8999999100000091,0.19999998000000202,0.7999999200000081,0.299999970000003,711.1818181818181,0.3428571330612248,1,4,Medium,3.7999998200000182
48,0,Travel_Rarely,855,Research & Development,4,3,Life Sciences,4,Male,54,3,3,Manufacturing Director,4,Single,7898,18706,1,No,11,3,3,0,11,2,3,10,9,0,8,0.0,0.8999999100000091,0.19999998000000202,0.7999999200000081,0.299999970000003,718.0,0.22916666189236123,1,4,Medium,3.7999998200000182
59,0,Travel_Rarely,715,Research & Development,2,3,Life Sciences,3,Female,69,2,4,Manufacturing Director,4,Single,13726,21829,3,Yes,13,3,1,0,30,4,3,5,3,4,3,0.799999840000032,0.599999880000024,0.799999840000032,0.599999880000024,0.799999840000032,2287.6666666666665,0.5084745676529735,1,5,Medium,3.7999997600000484
34,0,Travel_Frequently,878,Research & Development,10,4,Medical,4,Male,43,3,1,Research Scientist,3,Divorced,3815,5972,1,Yes,17,3,4,1,5,4,4,5,3,2,0,0.399999920000016,0.599999880000024,0.799999840000032,0.0,0.199999960000008,635.8333333333334,0.1470588192041524,0,5,Medium,3.7999997600000484
31,0,Travel_Rarely,688,Sales,7,3,Life Sciences,3,Male,44,2,3,Manager,4,Divorced,11557,25291,9,No,21,4,3,1,10,3,2,5,4,0,1,0.0,0.799999840000032,0.599999880000024,0.199999960000008,0.599999880000024,1926.1666666666667,0.3225806347554634,0,4,Medium,3.799999680000064
37,0,Travel_Rarely,228,Sales,6,4,Medical,3,Male,98,3,2,Sales Executive,4,Married,6502,22825,4,No,14,3,2,1,7,5,4,5,4,0,1,0.0,0.799999840000032,0.99999980000004,0.199999960000008,0.399999920000016,1083.6666666666667,0.18918918407596802,0,4,Medium,3.799999680000064
38,0,Travel_Rarely,1153,Research & Development,6,2,Other,4,Female,40,2,1,Laboratory Technician,3,Married,3702,16376,1,No,11,3,2,1,5,3,3,5,4,0,4,0.0,0.799999840000032,0.599999880000024,0.799999840000032,0.199999960000008,617.0,0.13157894390581729,0,4,Medium,3.799999680000064
33,0,Travel_Frequently,1303,Research & Development,7,2,Life Sciences,4,Male,36,3,2,Healthcare Representative,3,Divorced,5968,18079,1,No,20,4,3,3,9,2,3,9,7,2,8,0.22222219753086697,0.7777776913580343,0.22222219753086697,0.8888887901234679,0.22222219753086697,596.8,0.2727272644628102,1,4,Medium,3.755555382716069
42,0,Travel_Rarely,544,Human Resources,2,1,Technical Degree,3,Male,52,3,1,Human Resources,3,Divorced,2696,24017,0,Yes,11,3,3,1,4,5,3,3,2,1,0,0.33333322222225925,0.6666664444445185,1.6666661111112961,0.0,0.33333322222225925,674.0,0.0952380929705216,0,4,Medium,3.733332888889037
39,0,Travel_Rarely,408,Research & Development,2,4,Technical Degree,4,Female,80,2,2,Healthcare Representative,3,Single,4553,20978,1,No,11,3,1,0,20,4,3,20,7,11,10,0.5499999725000013,0.34999998250000086,0.1999999900000005,0.4999999750000012,0.09999999500000024,216.8095238095238,0.5128204996712693,1,6,Medium,3.699999965000002
38,0,Travel_Frequently,1189,Research & Development,1,3,Life Sciences,4,Male,90,3,2,Research Scientist,4,Married,4735,9867,7,No,15,3,4,2,19,4,4,13,11,2,9,0.15384614201183525,0.8461537810650938,0.3076922840236705,0.6923076390532585,0.15384614201183525,338.2142857142857,0.49999998684210567,1,4,Medium,3.6923075621301877
54,0,Travel_Rarely,1082,Sales,2,4,Life Sciences,3,Female,41,2,3,Sales Executive,3,Married,10686,8392,6,No,11,3,2,1,13,4,3,9,4,7,0,0.7777776913580343,0.44444439506173394,0.44444439506173394,0.0,0.33333329629630043,1068.6,0.24074073628257897,1,5,Medium,3.6888887901234675
47,0,Travel_Rarely,202,Research & Development,2,2,Other,3,Female,33,3,4,Manager,4,Married,16752,12982,1,Yes,11,3,3,1,26,3,2,26,14,3,0,0.11538461094674572,0.5384615177514801,0.11538461094674572,0.0,0.15384614792899431,620.4444444444445,0.5531914775916708,1,5,Medium,3.67692303550296
31,0,Non-Travel,697,Research & Development,10,3,Medical,3,Female,40,3,3,Research Director,3,Married,11031,26862,4,No,20,4,3,1,13,2,4,11,7,4,8,0.3636363305785154,0.636363578512402,0.1818181652892577,0.7272726611570308,0.2727272479338866,919.25,0.4193548251821024,1,4,Medium,3.672727157024804
32,0,Travel_Rarely,801,Sales,1,4,Marketing,3,Female,48,3,3,Sales Executive,4,Married,10422,24032,1,No,19,3,3,2,14,3,3,14,10,5,7,0.3571428316326549,0.7142856632653098,0.21428569897959293,0.49999996428571686,0.21428569897959293,694.8,0.4374999863281255,1,4,Medium,3.62857132653062
42,0,Travel_Frequently,288,Research & Development,2,3,Life Sciences,4,Male,40,3,3,Healthcare Representative,4,Married,10124,18611,2,Yes,14,3,3,1,24,3,1,20,8,13,9,0.6499999675000016,0.399999980000001,0.14999999250000037,0.4499999775000011,0.14999999250000037,482.0952380952381,0.5714285578231296,1,6,Medium,3.5999999600000026
54,0,Non-Travel,142,Human Resources,26,3,Human Resources,4,Female,30,4,4,Manager,4,Single,17328,13871,2,Yes,12,3,3,0,23,3,3,5,3,4,4,0.799999840000032,0.599999880000024,0.599999880000024,0.799999840000032,0.799999840000032,2888.0,0.42592591803840896,1,5,Medium,3.599999760000048
24,0,Travel_Rarely,581,Research & Development,9,3,Medical,3,Male,62,4,1,Research Scientist,3,Married,4401,17616,1,No,16,3,4,1,5,1,3,5,3,0,4,0.0,0.599999880000024,0.199999960000008,0.799999840000032,0.199999960000008,733.5,0.20833332465277812,0,4,Medium,3.599999760000048
27,0,Travel_Rarely,199,Research & Development,6,3,Life Sciences,4,Male,55,2,1,Research Scientist,3,Married,2539,7950,1,No,13,3,3,1,4,0,3,4,2,2,2,0.49999987500003124,0.49999987500003124,0.0,0.49999987500003124,0.24999993750001562,507.8,0.1481481426611799,0,5,Medium,3.5999997500000624
45,0,Travel_Rarely,950,Research & Development,28,3,Technical Degree,4,Male,97,3,1,Research Scientist,4,Married,2132,4585,4,No,20,4,4,1,8,3,3,5,4,0,3,0.0,0.799999840000032,0.599999880000024,0.599999880000024,0.199999960000008,355.3333333333333,0.1777777738271606,0,4,Medium,3.5999996800000638
27,0,Travel_Frequently,1297,Research & Development,5,2,Life Sciences,4,Female,53,3,1,Laboratory Technician,4,Single,2379,19826,0,Yes,14,3,3,0,6,3,2,5,4,0,2,0.0,0.799999840000032,0.599999880000024,0.399999920000016,0.199999960000008,396.5,0.22222221399176983,0,4,Medium,3.5999996800000638
50,0,Travel_Rarely,1126,Research & Development,1,2,Medical,4,Male,66,3,4,Research Director,4,Divorced,17399,6615,9,No,22,4,3,1,32,1,2,5,4,1,3,0.199999960000008,0.799999840000032,0.199999960000008,0.599999880000024,0.799999840000032,2899.8333333333335,0.6399999872000003,1,4,Medium,3.5999996800000638
37,0,Travel_Rarely,977,Research & Development,1,3,Life Sciences,4,Female,56,2,2,Manufacturing Director,4,Married,6474,9961,1,No,13,3,2,1,14,2,2,14,8,3,11,0.21428569897959293,0.5714285306122479,0.14285713265306196,0.7857142295918408,0.14285713265306196,431.6,0.37837836815193604,1,5,Medium,3.5428570612244963
36,0,Travel_Rarely,796,Research & Development,12,5,Medical,4,Female,51,2,3,Manufacturing Director,4,Single,8858,15669,0,No,11,3,2,0,15,2,2,14,8,7,8,0.49999996428571686,0.5714285306122479,0.14285713265306196,0.5714285306122479,0.21428569897959293,590.5333333333333,0.41666665509259293,1,5,Medium,3.5428570612244963
45,0,Non-Travel,1052,Sales,6,3,Medical,4,Female,57,2,3,Sales Executive,4,Single,8865,16840,6,No,12,3,4,0,23,2,3,19,7,12,8,0.6315789141274255,0.36842103324099823,0.10526315235457093,0.4210526094182837,0.15789472853185638,443.25,0.5111110997530867,1,6,Medium,3.5368420664819973
21,0,Travel_Rarely,996,Research & Development,3,2,Medical,4,Male,100,2,1,Research Scientist,3,Single,3230,10531,1,No,17,3,1,0,3,4,4,3,2,1,0,0.33333322222225925,0.6666664444445185,1.333332888889037,0.0,0.33333322222225925,807.5,0.14285713605442207,0,4,Medium,3.5333328888890376
43,0,Travel_Rarely,1034,Sales,16,3,Marketing,4,Female,80,3,4,Manager,4,Married,16064,7744,5,Yes,22,4,3,1,22,3,3,17,13,1,9,0.05882352595155729,0.7647058373702448,0.17647057785467188,0.5294117335640156,0.23529410380622917,892.4444444444445,0.5116278950784211,1,4,Medium,3.52941167474049
42,0,Non-Travel,335,Research & Development,23,2,Life Sciences,4,Male,37,2,2,Research Scientist,3,Single,4332,14811,1,No,12,3,4,0,20,2,3,20,9,3,7,0.14999999250000037,0.4499999775000011,0.09999999500000024,0.34999998250000086,0.09999999500000024,206.28571428571428,0.476190464852608,1,5,Medium,3.4999999550000025
52,0,Non-Travel,715,Research & Development,19,4,Medical,4,Male,41,3,1,Research Scientist,4,Married,4258,26589,0,No,18,3,1,1,5,3,3,4,3,1,2,0.24999993750001562,0.7499998125000469,0.7499998125000469,0.49999987500003124,0.24999993750001562,851.6,0.09615384430473377,0,4,Medium,3.4999996250000938
50,0,Travel_Rarely,1046,Research & Development,10,3,Technical Degree,4,Male,100,2,3,Healthcare Representative,4,Single,10496,2755,6,No,15,3,4,0,20,2,3,4,3,1,3,0.24999993750001562,0.7499998125000469,0.49999987500003124,0.7499998125000469,0.7499998125000469,2099.2,0.3999999920000002,1,4,Medium,3.4999996250000938
31,0,Travel_Rarely,746,Research & Development,8,4,Life Sciences,3,Female,61,3,2,Manufacturing Director,4,Single,4424,20682,1,No,23,4,4,0,11,2,3,11,7,1,8,0.09090908264462885,0.636363578512402,0.1818181652892577,0.7272726611570308,0.1818181652892577,368.6666666666667,0.3548386982310097,1,4,Medium,3.472727157024804
43,0,Travel_Rarely,531,Sales,4,4,Marketing,4,Female,56,2,3,Sales Executive,4,Single,10231,20364,3,No,14,3,4,0,23,3,4,21,7,15,17,0.7142856802721105,0.3333333174603182,0.14285713605442207,0.8095237709750585,0.14285713605442207,465.04545454545456,0.5348837084910766,1,6,Medium,3.466666634920637
34,0,Travel_Rarely,1303,Research & Development,2,4,Life Sciences,4,Male,62,2,1,Research Scientist,3,Divorced,2768,8416,3,No,12,3,3,1,14,3,3,7,3,5,7,0.7142856122449125,0.4285713673469475,0.4285713673469475,0.9999998571428775,0.1428571224489825,346.0,0.41176469377162667,1,5,Medium,3.457142734693895
47,0,Travel_Frequently,1379,Research & Development,16,4,Medical,3,Male,64,4,2,Manufacturing Director,3,Divorced,5067,6759,1,Yes,19,3,3,0,20,3,4,19,10,2,7,0.10526315235457093,0.5263157617728547,0.15789472853185638,0.36842103324099823,0.10526315235457093,253.35,0.4255319058397467,1,4,Medium,3.4526315235457092
32,0,Travel_Rarely,906,Sales,7,3,Life Sciences,4,Male,91,2,2,Sales Executive,3,Married,5484,16985,1,No,14,3,3,1,13,3,2,13,8,4,8,0.3076922840236705,0.615384568047341,0.23076921301775286,0.615384568047341,0.15384614201183525,391.7142857142857,0.4062499873046879,1,4,Medium,3.430769136094682
40,0,Travel_Rarely,989,Research & Development,4,1,Medical,4,Female,46,3,5,Manager,3,Married,19033,6499,1,No,14,3,2,1,21,2,3,20,8,9,9,0.4499999775000011,0.399999980000001,0.09999999500000024,0.4499999775000011,0.2499999875000006,906.3333333333334,0.5249999868750004,1,5,Medium,3.399999960000002
30,0,Travel_Rarely,231,Sales,8,2,Other,3,Male,62,3,3,Sales Executive,3,Divorced,7264,9977,5,No,11,3,1,1,10,2,4,8,4,7,7,0.8749998906250137,0.4999999375000079,0.24999996875000394,0.8749998906250137,0.3749999531250059,807.1111111111111,0.33333332222222256,1,4,Medium,3.3999998750000158
32,0,Travel_Rarely,929,Sales,10,3,Marketing,4,Male,55,3,2,Sales Executive,4,Single,5396,21703,1,No,12,3,4,0,10,2,2,10,7,0,8,0.0,0.699999930000007,0.19999998000000202,0.7999999200000081,0.19999998000000202,490.54545454545456,0.3124999902343753,0,4,Medium,3.399999860000014
45,0,Travel_Rarely,1329,Research & Development,2,2,Other,4,Female,59,2,2,Manufacturing Director,4,Divorced,5770,5388,1,No,19,3,1,2,10,3,3,10,7,3,9,0.299999970000003,0.699999930000007,0.299999970000003,0.8999999100000091,0.19999998000000202,524.5454545454545,0.22222221728395075,1,4,Medium,3.399999860000014
40,0,Non-Travel,458,Research & Development,16,2,Life Sciences,3,Male,74,3,1,Research Scientist,3,Divorced,3544,8532,9,No,16,3,2,1,6,0,3,4,2,0,0,0.0,0.49999987500003124,0.0,0.0,0.24999993750001562,708.8,0.1499999962500001,0,4,Medium,3.3999997500000623
50,0,Travel_Frequently,333,Research & Development,22,5,Medical,3,Male,88,1,4,Research Director,4,Single,14411,24450,1,Yes,13,3,4,0,32,2,3,32,6,13,9,0.4062499873046879,0.1874999941406252,0.06249999804687507,0.2812499912109378,0.12499999609375013,436.6969696969697,0.6399999872000003,1,6,Medium,3.374999988281251
40,0,Travel_Rarely,898,Human Resources,6,2,Medical,3,Male,38,3,4,Manager,4,Single,16437,17381,1,Yes,21,4,4,0,21,2,3,21,7,7,7,0.3333333174603182,0.3333333174603182,0.09523809070294806,0.3333333174603182,0.19047618140589612,747.1363636363636,0.5249999868750004,1,5,Medium,3.2666666349206364
36,0,Travel_Rarely,1425,Research & Development,14,1,Life Sciences,3,Male,68,3,2,Healthcare Representative,4,Married,6586,4821,0,Yes,17,3,1,1,17,2,2,16,8,4,11,0.24999998437500096,0.4999999687500019,0.12499999218750048,0.6874999570312527,0.12499999218750048,387.4117647058824,0.4722222091049387,1,4,Medium,3.199999937500004
35,0,Travel_Rarely,1137,Research & Development,21,1,Life Sciences,4,Female,51,3,2,Healthcare Representative,4,Married,4014,19170,1,Yes,25,4,4,1,10,2,1,10,6,0,7,0.0,0.599999940000006,0.19999998000000202,0.699999930000007,0.19999998000000202,364.90909090909093,0.28571427755102063,0,4,Medium,3.1999998800000125
41,0,Travel_Rarely,642,Research & Development,1,3,Life Sciences,4,Male,76,3,1,Research Scientist,4,Married,2782,21412,3,No,22,4,1,1,12,3,3,5,3,1,0,0.199999960000008,0.599999880000024,0.599999880000024,0.0,0.199999960000008,463.6666666666667,0.2926829196906605,0,4,Medium,3.199999760000048
24,0,Travel_Rarely,1206,Research & Development,17,1,Medical,4,Female,41,2,2,Manufacturing Director,3,Divorced,4377,24117,1,No,15,3,2,2,5,6,3,4,2,3,2,0.7499998125000469,0.49999987500003124,1.4999996250000938,0.49999987500003124,0.49999987500003124,875.4,0.20833332465277812,0,4,Medium,3.1999997500000625
40,0,Travel_Rarely,448,Research & Development,16,3,Life Sciences,3,Female,84,3,3,Manufacturing Director,4,Single,7945,19948,6,Yes,15,3,4,0,18,2,2,4,2,3,3,0.7499998125000469,0.49999987500003124,0.49999987500003124,0.7499998125000469,0.7499998125000469,1589.0,0.4499999887500003,1,4,Medium,3.1999997500000625
46,0,Travel_Rarely,734,Research & Development,2,4,Medical,3,Male,46,3,5,Research Director,4,Divorced,19328,14218,7,Yes,17,3,3,1,24,3,3,2,1,2,2,0.99999950000025,0.499999750000125,1.499999250000375,0.99999950000025,2.499998750000625,6442.666666666667,0.5217391190926278,1,4,Medium,3.19999950000025
30,0,Travel_Rarely,1358,Sales,16,1,Life Sciences,4,Male,96,3,2,Sales Executive,3,Married,5301,2939,8,No,15,3,3,2,4,2,2,2,1,2,2,0.99999950000025,0.499999750000125,0.99999950000025,0.99999950000025,0.99999950000025,1767.0,0.13333332888888902,0,4,Medium,3.19999950000025
39,0,Travel_Frequently,766,Sales,20,3,Life Sciences,3,Male,83,3,2,Sales Executive,4,Divorced,4127,19188,2,No,18,3,4,1,7,6,3,2,1,2,2,0.99999950000025,0.499999750000125,2.99999850000075,0.99999950000025,0.99999950000025,1375.6666666666667,0.17948717488494426,0,4,Medium,3.19999950000025
22,0,Travel_Rarely,594,Research & Development,2,1,Technical Degree,3,Male,100,3,1,Laboratory Technician,4,Married,2523,19299,0,No,14,3,3,1,3,2,3,2,1,2,1,0.99999950000025,0.499999750000125,0.99999950000025,0.499999750000125,0.499999750000125,841.0,0.13636363016528952,0,4,Medium,3.19999950000025
20,0,Travel_Rarely,654,Sales,21,3,Marketing,3,Male,43,4,1,Sales Representative,4,Single,2678,5050,1,No,17,3,4,0,2,2,3,2,1,2,2,0.99999950000025,0.499999750000125,0.99999950000025,0.99999950000025,0.499999750000125,892.6666666666666,0.09999999500000024,0,4,Medium,3.19999950000025
54,0,Travel_Rarely,971,Research & Development,1,3,Medical,4,Female,54,3,4,Research Director,4,Single,17328,5652,6,No,19,3,4,0,29,3,2,20,7,12,7,0.5999999700000015,0.34999998250000086,0.14999999250000037,0.34999998250000086,0.1999999900000005,825.1428571428571,0.5370370270919069,1,5,Medium,3.099999965000002
50,0,Travel_Rarely,1207,Research & Development,28,1,Medical,4,Male,74,4,1,Laboratory Technician,3,Married,3221,3297,1,Yes,11,3,3,3,20,3,3,20,8,3,8,0.14999999250000037,0.399999980000001,0.14999999250000037,0.399999980000001,0.04999999750000012,153.38095238095238,0.3999999920000002,1,4,Medium,2.999999960000002
38,0,Travel_Frequently,653,Research & Development,29,5,Life Sciences,4,Female,50,3,2,Laboratory Technician,4,Single,2406,5456,1,No,11,3,4,0,10,2,3,10,3,9,9,0.8999999100000091,0.299999970000003,0.19999998000000202,0.8999999100000091,0.19999998000000202,218.72727272727272,0.26315788781163457,1,5,Medium,2.9999999400000066
27,0,Travel_Frequently,591,Research & Development,2,3,Medical,4,Male,87,3,1,Research Scientist,4,Single,2580,6297,2,No,13,3,3,0,6,0,2,4,2,1,2,0.24999993750001562,0.49999987500003124,0.0,0.49999987500003124,0.24999993750001562,516.0,0.22222221399176983,0,4,Medium,2.9999997500000624
45,0,Travel_Rarely,1385,Research & Development,20,2,Medical,3,Male,79,3,4,Healthcare Representative,4,Married,13496,7501,0,Yes,14,3,2,0,21,2,3,20,7,4,10,0.1999999900000005,0.34999998250000086,0.09999999500000024,0.4999999750000012,0.1999999900000005,642.6666666666666,0.46666665629629656,1,4,Medium,2.899999965000002
47,0,Travel_Frequently,217,Sales,3,3,Medical,4,Female,49,3,4,Sales Executive,3,Divorced,13770,10225,9,Yes,12,3,4,2,28,2,2,22,2,11,13,0.49999997727272827,0.09090908677685969,0.09090908677685969,0.590909064049588,0.18181817355371938,598.695652173913,0.5957446681756454,1,5,Medium,2.7818181735537193
58,0,Travel_Rarely,682,Sales,10,4,Medical,4,Male,37,3,4,Sales Executive,3,Single,13872,24409,0,No,13,3,3,0,38,1,2,37,10,1,8,0.027027026296566857,0.2702702629656686,0.027027026296566857,0.21621621037253486,0.10810810518626743,365.05263157894734,0.6551724024970276,1,4,Medium,2.7405405259313373
27,0,Travel_Rarely,205,Sales,10,3,Marketing,4,Female,98,2,2,Sales Executive,4,Married,5769,7100,1,Yes,11,3,4,0,6,3,3,6,2,4,4,0.6666665555555741,0.33333327777778704,0.49999991666668053,0.6666665555555741,0.33333327777778704,824.1428571428571,0.22222221399176983,0,4,Medium,2.666666555555574
39,0,Travel_Rarely,466,Research & Development,1,1,Life Sciences,4,Female,65,2,4,Manufacturing Director,4,Married,12742,7060,1,No,16,3,3,1,21,3,3,21,6,11,8,0.5238094988662143,0.28571427210884415,0.14285713605442207,0.38095236281179223,0.19047618140589612,579.1818181818181,0.5384615246548328,1,4,Medium,2.5714285442176883
